id_waktu,id_lokasi,id_unit_peternakan,date,jumlah_produksi
8796,47415,11,2023-04-01,16.6
9088,47415,11,2024-01-08,15.35
8981,47415,11,2023-09-28,10.7
8578,47415,11,2022-09-03,14.85
9175,47415,11,2024-04-01,11.2
8600,47415,11,2022-09-25,14.85
8428,47415,11,2022-04-11,9.5
9297,47415,11,2024-07-29,12.0
8910,47415,11,2023-07-21,14.1
8516,47415,11,2022-07-05,9.3
8508,47415,11,2022-06-28,10.7
8535,47415,11,2022-07-24,14.0
8491,47415,11,2022-06-11,11.7
8473,47415,11,2022-05-25,14.55
8594,47415,11,2022-09-19,14.75
9138,47415,11,2024-02-26,15.35
9238,47415,11,2024-06-01,12.5
8566,47415,11,2022-08-23,13.0
9152,47415,11,2024-03-10,14.55
8725,47415,11,2023-01-23,13.65
9322,47415,11,2024-08-22,10.65
8951,47415,11,2023-08-30,13.55
8667,47415,11,2022-11-29,12.65
8859,47415,11,2023-06-01,8.95
8530,47415,11,2022-07-19,13.9
8793,47415,11,2023-03-30,17.55
8783,47415,11,2023-03-20,21.15
9063,47415,11,2023-12-16,11.7
8787,47415,11,2023-03-24,18.2
9340,47415,11,2024-09-08,12.9
8651,47415,11,2022-11-13,11.1
8579,47415,11,2022-09-04,14.4
9172,47415,11,2024-03-30,8.75
8499,47415,11,2022-06-19,10.05
9329,47415,11,2024-08-29,11.1
9281,47415,11,2024-07-13,15.05
8828,47415,11,2023-05-02,11.7
8865,47415,11,2023-06-07,12.9
8640,47415,11,2022-11-02,11.1
8834,47415,11,2023-05-08,11.25
9096,47415,11,2024-01-16,12.95
9106,47415,11,2024-01-26,22.5
8678,47415,11,2022-12-09,12.9
9247,47415,11,2024-06-10,13.7
9207,47415,11,2024-05-02,12.9
8662,47415,11,2022-11-24,12.05
9342,47415,11,2024-09-10,12.9
9028,47415,11,2023-11-12,11.45
9008,47415,11,2023-10-24,11.15
9053,47415,11,2023-12-06,11.4
8804,47415,11,2023-04-09,13.1
8918,47415,11,2023-07-29,13.8
8612,47415,11,2022-10-06,14.15
9253,47415,11,2024-06-16,14.0
8620,47415,11,2022-10-14,12.1
8809,47415,11,2023-04-14,11.75
8529,47415,11,2022-07-18,13.45
8528,47415,11,2022-07-17,12.9
8541,47415,11,2022-07-30,11.0
8849,47415,11,2023-05-23,9.65
8726,47415,11,2023-01-24,13.25
9168,47415,11,2024-03-26,11.8
9251,47415,11,2024-06-14,13.85
8829,47415,11,2023-05-03,11.45
8587,47415,11,2022-09-12,14.05
8534,47415,11,2022-07-23,14.05
8744,47415,11,2023-02-10,15.2
8731,47415,11,2023-01-29,12.95
9345,47415,11,2024-09-13,11.3
8929,47415,11,2023-08-08,14.65
8896,47415,11,2023-07-07,12.5
9292,47415,11,2024-07-24,13.95
9255,47415,11,2024-06-18,14.85
9277,47415,11,2024-07-09,15.0
8515,47415,11,2022-07-04,10.0
8991,47415,11,2023-10-07,13.6
8771,47415,11,2023-03-08,21.35
8931,47415,11,2023-08-10,14.75
8697,47415,11,2022-12-28,11.5
8698,47415,11,2022-12-29,11.4
9203,47415,11,2024-04-29,9.6
9337,47415,11,2024-09-05,11.1
8979,47415,11,2023-09-26,11.1
9036,47415,11,2023-11-20,11.4
9216,47415,11,2024-05-11,12.9
8455,47415,11,2022-05-07,12.7
8644,47415,11,2022-11-06,10.65
8573,47415,11,2022-08-30,14.1
8426,47415,11,2022-04-09,9.7
9313,47415,11,2024-08-13,11.3
9143,47415,11,2024-03-01,12.15
9294,47415,11,2024-07-26,14.25
9296,47415,11,2024-07-28,13.4
8432,47415,11,2022-04-15,13.7
9232,47415,11,2024-05-27,13.9
8632,47415,11,2022-10-26,12.1
8607,47415,11,2022-10-01,12.3
9185,47415,11,2024-04-11,9.95
8961,47415,11,2023-09-08,12.4
9274,47415,11,2024-07-06,15.65
8453,47415,11,2022-05-05,12.4
8650,47415,11,2022-11-12,11.75
9319,47415,11,2024-08-19,11.5
9219,47415,11,2024-05-14,11.5
9327,47415,11,2024-08-27,13.5
8766,47415,11,2023-03-03,24.8
8866,47415,11,2023-06-08,13.45
9341,47415,11,2024-09-09,13.0
9266,47415,11,2024-06-29,14.1
8581,47415,11,2022-09-06,13.9
8998,47415,11,2023-10-14,12.3
9124,47415,11,2024-02-12,18.2
8824,47415,11,2023-04-29,12.7
8564,47415,11,2022-08-21,12.6
8827,47415,11,2023-05-01,11.8
8790,47415,11,2023-03-27,16.55
9060,47415,11,2023-12-13,12.55
9155,47415,11,2024-03-13,14.05
9134,47415,11,2024-02-22,17.65
9331,47415,11,2024-08-31,13.1
8707,47415,11,2023-01-05,9.25
8507,47415,11,2022-06-27,10.15
9188,47415,11,2024-04-14,10.65
8761,47415,11,2023-02-27,12.9
8972,47415,11,2023-09-19,10.85
9286,47415,11,2024-07-18,15.1
8682,47415,11,2022-12-13,13.1
9213,47415,11,2024-05-08,14.05
8911,47415,11,2023-07-22,14.0
8517,47415,11,2022-07-06,9.25
8689,47415,11,2022-12-20,13.2
8853,47415,11,2023-05-27,9.25
8801,47415,11,2023-04-06,12.15
8519,47415,11,2022-07-08,8.1
8768,47415,11,2023-03-05,24.75
8919,47415,11,2023-07-30,14.1
8546,47415,11,2022-08-03,12.75
8461,47415,11,2022-05-13,14.15
8466,47415,11,2022-05-18,14.15
9075,47415,11,2023-12-28,15.4
9090,47415,11,2024-01-10,16.35
9068,47415,11,2023-12-21,12.4
9033,47415,11,2023-11-17,11.45
8982,47415,11,2023-09-29,11.2
8820,47415,11,2023-04-25,12.6
8926,47415,11,2023-08-05,13.8
8999,47415,11,2023-10-15,12.05
8977,47415,11,2023-09-24,11.5
9229,47415,11,2024-05-24,13.35
9317,47415,11,2024-08-17,11.3
8916,47415,11,2023-07-27,13.65
9093,47415,11,2024-01-13,15.65
9245,47415,11,2024-06-08,13.0
8567,47415,11,2022-08-24,14.0
8705,47415,11,2023-01-03,9.3
9083,47415,11,2024-01-03,14.55
9100,47415,11,2024-01-20,24.8
8862,47415,11,2023-06-04,9.6
9197,47415,11,2024-04-23,8.1
8846,47415,11,2023-05-20,10.65
8914,47415,11,2023-07-25,14.85
8930,47415,11,2023-08-09,15.1
8717,47415,11,2023-01-15,11.4
9002,47415,11,2023-10-18,13.75
9027,47415,11,2023-11-11,13.2
8898,47415,11,2023-07-09,12.35
8474,47415,11,2022-05-26,14.1
9022,47415,11,2023-11-06,11.9
8597,47415,11,2022-09-22,14.75
9004,47415,11,2023-10-20,12.65
8421,47415,11,2022-04-04,11.9
8422,47415,11,2022-04-05,12.0
8868,47415,11,2023-06-10,13.7
8684,47415,11,2022-12-15,13.05
9208,47415,11,2024-05-03,13.45
9290,47415,11,2024-07-22,14.15
8441,47415,11,2022-04-24,9.0
9264,47415,11,2024-06-27,13.9
9164,47415,11,2024-03-22,12.3
8460,47415,11,2022-05-12,15.35
8525,47415,11,2022-07-14,9.6
8815,47415,11,2023-04-20,14.2
8628,47415,11,2022-10-22,13.05
8952,47415,11,2023-08-31,14.25
8872,47415,11,2023-06-14,14.0
9200,47415,11,2024-04-26,8.95
8948,47415,11,2023-08-27,14.15
9050,47415,11,2023-12-03,9.65
8988,47415,11,2023-10-04,11.1
8696,47415,11,2022-12-27,11.45
8668,47415,11,2022-11-30,11.9
9328,47415,11,2024-08-28,11.75
8882,47415,11,2023-06-24,12.75
9046,47415,11,2023-11-30,6.25
9180,47415,11,2024-04-06,10.0
9097,47415,11,2024-01-17,12.5
9015,47415,11,2023-10-31,13.25
8876,47415,11,2023-06-18,12.0
8864,47415,11,2023-06-06,12.65
9170,47415,11,2024-03-28,11.45
9014,47415,11,2023-10-30,12.9
8893,47415,11,2023-07-04,13.35
9218,47415,11,2024-05-13,12.0
9338,47415,11,2024-09-06,24.5
9273,47415,11,2024-07-05,14.75
8892,47415,11,2023-07-03,13.9
9095,47415,11,2024-01-15,14.9
8520,47415,11,2022-07-09,8.3
9307,47415,11,2024-08-07,13.05
8475,47415,11,2022-05-27,13.05
9311,47415,11,2024-08-11,12.1
8438,47415,11,2022-04-21,10.9
8854,47415,11,2023-05-28,9.25
9217,47415,11,2024-05-12,12.55
8431,47415,11,2022-04-14,14.3
9061,47415,11,2023-12-14,13.65
8885,47415,11,2023-06-27,13.1
8742,47415,11,2023-02-08,15.15
8655,47415,11,2022-11-17,13.3
8527,47415,11,2022-07-16,12.65
8429,47415,11,2022-04-12,9.4
8987,47415,11,2023-10-03,11.75
8897,47415,11,2023-07-08,12.75
9298,47415,11,2024-07-30,12.1
8994,47415,11,2023-10-10,11.9
8537,47415,11,2022-07-26,12.9
8901,47415,11,2023-07-12,12.6
8782,47415,11,2023-03-19,20.85
8656,47415,11,2022-11-18,12.75
9163,47415,11,2024-03-21,12.6
8622,47415,11,2022-10-16,12.75
9011,47415,11,2023-10-27,11.75
8639,47415,11,2022-11-01,11.3
9070,47415,11,2023-12-23,12.35
8822,47415,11,2023-04-27,12.3
8619,47415,11,2022-10-13,12.0
8539,47415,11,2022-07-28,12.0
9249,47415,11,2024-06-12,13.85
8641,47415,11,2022-11-03,11.5
8624,47415,11,2022-10-18,12.4
8924,47415,11,2023-08-03,14.05
9148,47415,11,2024-03-06,12.6
8964,47415,11,2023-09-11,13.5
9193,47415,11,2024-04-19,10.0
8950,47415,11,2023-08-29,13.95
9146,47415,11,2024-03-04,13.1
8643,47415,11,2022-11-05,11.1
8932,47415,11,2023-08-11,15.65
9139,47415,11,2024-02-27,14.15
9091,47415,11,2024-01-11,16.7
8419,47415,11,2022-04-02,10.35
8808,47415,11,2023-04-13,13.0
9312,47415,11,2024-08-12,11.95
8945,47415,11,2023-08-24,11.0
8576,47415,11,2022-09-01,15.3
8975,47415,11,2023-09-22,11.3
8445,47415,11,2022-04-28,11.3
8488,47415,11,2022-06-08,12.7
9111,47415,11,2024-01-31,21.75
8645,47415,11,2022-11-07,10.7
9040,47415,11,2023-11-24,9.3
8758,47415,11,2023-02-24,14.9
9057,47415,11,2023-12-10,13.15
9256,47415,11,2024-06-19,14.85
9302,47415,11,2024-08-02,12.8
9310,47415,11,2024-08-10,12.9
8733,47415,11,2023-01-31,12.35
8551,47415,11,2022-08-08,13.35
9220,47415,11,2024-05-15,11.0
8786,47415,11,2023-03-23,18.65
8884,47415,11,2023-06-26,11.35
9019,47415,11,2023-11-03,13.1
9066,47415,11,2023-12-19,11.15
9243,47415,11,2024-06-06,12.6
8692,47415,11,2022-12-23,11.5
8995,47415,11,2023-10-11,12.5
8452,47415,11,2022-05-04,11.2
8686,47415,11,2022-12-17,13.15
8813,47415,11,2023-04-18,14.05
9069,47415,11,2023-12-22,12.35
9250,47415,11,2024-06-13,13.95
8996,47415,11,2023-10-12,12.65
9007,47415,11,2023-10-23,10.1
9320,47415,11,2024-08-20,11.2
9113,47415,11,2024-02-01,21.75
8928,47415,11,2023-08-07,15.25
8494,47415,11,2022-06-14,8.75
9211,47415,11,2024-05-06,13.9
9233,47415,11,2024-05-28,13.9
9323,47415,11,2024-08-23,10.7
8839,47415,11,2023-05-13,10.5
9223,47415,11,2024-05-18,12.75
8967,47415,11,2023-09-14,13.15
8545,47415,11,2022-08-02,12.75
9236,47415,11,2024-05-31,13.6
8424,47415,11,2022-04-07,10.55
8469,47415,11,2022-05-21,12.6
8659,47415,11,2022-11-21,12.65
8847,47415,11,2023-05-21,10.75
8767,47415,11,2023-03-04,24.9
8556,47415,11,2022-08-13,13.35
8956,47415,11,2023-09-03,12.0
8490,47415,11,2022-06-10,11.8
8735,47415,11,2023-02-01,12.35
8670,47415,11,2022-12-01,11.35
8484,47415,11,2022-06-04,12.6
9128,47415,11,2024-02-16,16.35
8633,47415,11,2022-10-27,11.95
8736,47415,11,2023-02-02,15.65
9159,47415,11,2024-03-17,15.9
8676,47415,11,2022-12-07,13.0
9006,47415,11,2023-10-22,11.35
8941,47415,11,2023-08-20,15.3
9082,47415,11,2024-01-02,14.5
8927,47415,11,2023-08-06,15.65
8454,47415,11,2022-05-06,12.5
8427,47415,11,2022-04-10,9.75
8754,47415,11,2023-02-20,16.7
8727,47415,11,2023-01-25,11.7
8903,47415,11,2023-07-14,13.0
9314,47415,11,2024-08-14,10.85
8944,47415,11,2023-08-23,15.1
8465,47415,11,2022-05-17,13.2
8532,47415,11,2022-07-21,13.9
8458,47415,11,2022-05-10,13.85
8642,47415,11,2022-11-04,11.2
8880,47415,11,2023-06-22,12.25
8631,47415,11,2022-10-25,12.9
9259,47415,11,2024-06-22,13.9
8522,47415,11,2022-07-11,8.95
9244,47415,11,2024-06-07,13.05
8443,47415,11,2022-04-26,11.05
8746,47415,11,2023-02-12,14.55
9280,47415,11,2024-07-12,15.0
9107,47415,11,2024-01-27,21.35
9089,47415,11,2024-01-09,15.25
9275,47415,11,2024-07-07,15.95
9054,47415,11,2023-12-07,12.3
8877,47415,11,2023-06-19,11.5
8605,47415,11,2022-09-30,15.25
9135,47415,11,2024-02-23,17.55
8935,47415,11,2023-08-14,15.0
8630,47415,11,2022-10-24,13.15
8501,47415,11,2022-06-21,10.0
8887,47415,11,2023-06-29,13.35
8789,47415,11,2023-03-26,17.9
8614,47415,11,2022-10-08,13.95
9304,47415,11,2024-08-04,12.6
9064,47415,11,2023-12-17,12.3
9084,47415,11,2024-01-04,15.1
8823,47415,11,2023-04-28,11.65
9182,47415,11,2024-04-08,10.45
9012,47415,11,2023-10-28,13.0
8547,47415,11,2022-08-04,12.75
8623,47415,11,2022-10-17,12.8
9184,47415,11,2024-04-10,10.0
8881,47415,11,2023-06-23,12.75
9013,47415,11,2023-10-29,13.5
8878,47415,11,2023-06-20,12.0
8677,47415,11,2022-12-08,13.5
9262,47415,11,2024-06-25,13.95
9025,47415,11,2023-11-09,12.6
9085,47415,11,2024-01-05,15.05
9140,47415,11,2024-02-28,12.9
9283,47415,11,2024-07-15,15.3
9157,47415,11,2024-03-15,14.2
9052,47415,11,2023-12-05,9.7
9270,47415,11,2024-07-02,15.25
8729,47415,11,2023-01-27,11.6
9104,47415,11,2024-01-24,24.75
8737,47415,11,2023-02-03,14.65
8555,47415,11,2022-08-12,13.9
9081,47415,11,2024-01-01,15.2
8513,47415,11,2022-07-02,9.65
8934,47415,11,2023-08-13,14.75
9202,47415,11,2024-04-28,9.3
8797,47415,11,2023-04-02,15.35
8871,47415,11,2023-06-13,14.05
8657,47415,11,2022-11-19,11.9
8540,47415,11,2022-07-29,11.5
9299,47415,11,2024-07-31,12.05
9179,47415,11,2024-04-05,9.9
8660,47415,11,2022-11-22,11.9
9231,47415,11,2024-05-26,14.2
8959,47415,11,2023-09-06,12.75
8711,47415,11,2023-01-09,6.25
8457,47415,11,2022-05-09,13.65
8463,47415,11,2022-05-15,12.9
8585,47415,11,2022-09-10,14.0
9150,47415,11,2024-03-08,13.0
8626,47415,11,2022-10-20,12.5
9103,47415,11,2024-01-23,24.9
9225,47415,11,2024-05-20,12.75
9252,47415,11,2024-06-15,14.1
8704,47415,11,2023-01-02,10.75
8925,47415,11,2023-08-04,14.1
9241,47415,11,2024-06-04,12.25
8536,47415,11,2022-07-25,14.0
9183,47415,11,2024-04-09,10.35
9308,47415,11,2024-08-08,12.9
9261,47415,11,2024-06-24,14.1
8715,47415,11,2023-01-13,10.4
8708,47415,11,2023-01-06,6.2
8440,47415,11,2022-04-23,9.25
8817,47415,11,2023-04-22,15.9
9324,47415,11,2024-08-24,11.2
8765,47415,11,2023-03-02,24.8
9316,47415,11,2024-08-16,10.9
8800,47415,11,2023-04-05,12.9
9130,47415,11,2024-02-18,17.55
8611,47415,11,2022-10-05,14.0
9129,47415,11,2024-02-17,17.65
8855,47415,11,2023-05-29,8.1
9291,47415,11,2024-07-23,14.45
8565,47415,11,2022-08-22,13.05
8724,47415,11,2023-01-22,12.55
8472,47415,11,2022-05-24,11.75
8966,47415,11,2023-09-13,12.9
9265,47415,11,2024-06-28,14.05
8997,47415,11,2023-10-13,11.9
9105,47415,11,2024-01-25,23.6
9020,47415,11,2023-11-04,12.6
8588,47415,11,2022-09-13,14.1
8788,47415,11,2023-03-25,17.9
9099,47415,11,2024-01-19,13.3
8989,47415,11,2023-10-05,13.0
9341,47415,11,2024-09-09,13.0
9187,47415,11,2024-04-13,10.7
8848,47415,11,2023-05-22,9.7
8436,47415,11,2022-04-19,12.3
9301,47415,11,2024-08-01,12.75
8743,47415,11,2023-02-09,14.95
9109,47415,11,2024-01-29,21.45
9000,47415,11,2023-10-16,11.8
8512,47415,11,2022-07-01,9.7
8674,47415,11,2022-12-05,11.2
8672,47415,11,2022-12-03,11.15
9092,47415,11,2024-01-12,15.8
8687,47415,11,2022-12-18,12.65
8538,47415,11,2022-07-27,12.55
8792,47415,11,2023-03-29,17.65
8973,47415,11,2023-09-20,11.5
8560,47415,11,2022-08-17,12.75
8423,47415,11,2022-04-06,10.8
9087,47415,11,2024-01-07,15.3
8531,47415,11,2022-07-20,13.7
9309,47415,11,2024-08-09,13.15
8869,47415,11,2023-06-11,13.9
8873,47415,11,2023-06-15,14.0
9125,47415,11,2024-02-13,17.9
8895,47415,11,2023-07-06,13.6
9212,47415,11,2024-05-07,14.0
8665,47415,11,2022-11-27,13.75
8561,47415,11,2022-08-18,12.35
9228,47415,11,2024-05-23,11.3
8486,47415,11,2022-06-06,12.3
8721,47415,11,2023-01-19,13.15
9206,47415,11,2024-05-01,12.65
8634,47415,11,2022-10-28,11.3
9221,47415,11,2024-05-16,12.0
8908,47415,11,2023-07-19,13.95
9078,47415,11,2023-12-31,14.95
8752,47415,11,2023-02-18,15.25
9257,47415,11,2024-06-20,14.4
8762,47415,11,2023-02-28,13.3
8764,47415,11,2023-03-01,24.8
8635,47415,11,2022-10-29,10.85
8420,47415,11,2022-04-03,10.7
8442,47415,11,2022-04-25,10.35
8838,47415,11,2023-05-12,10.0
8514,47415,11,2022-07-03,9.75
9214,47415,11,2024-05-09,14.0
9194,47415,11,2024-04-20,9.3
9023,47415,11,2023-11-07,13.15
8773,47415,11,2023-03-10,21.45
9227,47415,11,2024-05-22,13.1
8500,47415,11,2022-06-20,9.9
9073,47415,11,2023-12-26,15.05
8851,47415,11,2023-05-25,10.0
8716,47415,11,2023-01-14,9.7
9189,47415,11,2024-04-15,10.75
8558,47415,11,2022-08-15,13.6
8671,47415,11,2022-12-02,10.1
8559,47415,11,2022-08-16,12.5
9284,47415,11,2024-07-16,15.25
9161,47415,11,2024-03-19,14.55
8814,47415,11,2023-04-19,13.9
8774,47415,11,2023-03-11,21.7
8616,47415,11,2022-10-10,14.25
8483,47415,11,2022-06-03,14.55
8955,47415,11,2023-09-02,13.4
8985,47415,11,2023-10-01,11.6
8544,47415,11,2022-08-01,12.25
8435,47415,11,2022-04-18,12.2
8582,47415,11,2022-09-07,13.8
9031,47415,11,2023-11-15,11.3
8983,47415,11,2023-09-30,11.55
8598,47415,11,2022-09-23,15.0
9058,47415,11,2023-12-11,12.95
9287,47415,11,2024-07-19,11.0
8706,47415,11,2023-01-04,9.75
8652,47415,11,2022-11-14,13.0
8968,47415,11,2023-09-15,12.9
8542,47415,11,2022-07-31,11.6
8509,47415,11,2022-06-29,10.65
9171,47415,11,2024-03-29,9.65
9178,47415,11,2024-04-04,10.05
8943,47415,11,2023-08-22,12.3
8617,47415,11,2022-10-11,14.3
8965,47415,11,2023-09-12,13.05
8482,47415,11,2022-06-02,15.5
8464,47415,11,2022-05-16,12.15
8739,47415,11,2023-02-05,15.25
8608,47415,11,2022-10-02,15.1
9285,47415,11,2024-07-17,12.3
8518,47415,11,2022-07-07,9.25
8812,47415,11,2023-04-17,13.05
9346,47415,11,2024-09-14,10.85
8920,47415,11,2023-07-31,13.95
9204,47415,11,2024-04-30,12.5
8883,47415,11,2023-06-25,12.75
8572,47415,11,2022-08-29,13.85
8583,47415,11,2022-09-08,14.1
8637,47415,11,2022-10-31,10.9
9198,47415,11,2024-04-24,8.3
9192,47415,11,2024-04-18,9.75
9001,47415,11,2023-10-17,11.75
9133,47415,11,2024-02-21,16.35
8909,47415,11,2023-07-20,13.85
8468,47415,11,2022-05-20,13.7
9230,47415,11,2024-05-25,14.3
8803,47415,11,2023-04-08,14.15
8942,47415,11,2023-08-21,15.25
8599,47415,11,2022-09-24,14.8
8654,47415,11,2022-11-16,13.6
8557,47415,11,2022-08-14,13.9
8857,47415,11,2023-05-31,8.6
8821,47415,11,2023-04-26,12.6
8741,47415,11,2023-02-07,15.2
8610,47415,11,2022-10-04,14.4
9153,47415,11,2024-03-11,14.1
8709,47415,11,2023-01-07,7.35
8728,47415,11,2023-01-26,12.3
8496,47415,11,2022-06-16,11.2
9162,47415,11,2024-03-20,12.6
8907,47415,11,2023-07-18,13.85
9074,47415,11,2023-12-27,15.25
9030,47415,11,2023-11-14,12.25
8900,47415,11,2023-07-11,12.95
8437,47415,11,2022-04-20,11.25
9190,47415,11,2024-04-16,9.7
9026,47415,11,2023-11-10,13.2
8521,47415,11,2022-07-10,8.6
8571,47415,11,2022-08-28,13.95
8456,47415,11,2022-05-08,13.35
8750,47415,11,2023-02-16,15.3
8867,47415,11,2023-06-09,13.9
9119,47415,11,2024-02-07,20.85
8577,47415,11,2022-09-02,14.85
8840,47415,11,2023-05-14,10.45
8978,47415,11,2023-09-25,11.2
8505,47415,11,2022-06-25,10.0
8646,47415,11,2022-11-08,11.2
8890,47415,11,2023-07-01,14.2
8570,47415,11,2022-08-27,13.85
8604,47415,11,2022-09-29,15.3
9269,47415,11,2024-07-01,15.65
9114,47415,11,2024-02-02,21.95
8714,47415,11,2023-01-12,9.65
8434,47415,11,2022-04-17,12.4
9303,47415,11,2024-08-03,12.4
8647,47415,11,2022-11-09,11.55
8574,47415,11,2022-08-31,14.0
8627,47415,11,2022-10-21,13.5
8506,47415,11,2022-06-26,9.95
8568,47415,11,2022-08-25,13.7
8794,47415,11,2023-03-31,17.45
8673,47415,11,2022-12-04,10.95
8666,47415,11,2022-11-28,11.6
8730,47415,11,2023-01-28,11.15
8562,47415,11,2022-08-19,12.25
9120,47415,11,2024-02-08,21.15
8922,47415,11,2023-08-01,14.0
8894,47415,11,2023-07-05,13.9
9077,47415,11,2023-12-30,15.15
9062,47415,11,2023-12-15,13.25
9248,47415,11,2024-06-11,13.75
8683,47415,11,2022-12-14,12.6
9017,47415,11,2023-11-01,13.4
9326,47415,11,2024-08-26,11.6
8831,47415,11,2023-05-05,8.75
9156,47415,11,2024-03-14,13.9
8778,47415,11,2023-03-15,21.95
8830,47415,11,2023-05-04,9.65
8590,47415,11,2022-09-15,15.65
9065,47415,11,2023-12-18,11.6
8863,47415,11,2023-06-05,12.5
8970,47415,11,2023-09-17,11.95
9318,47415,11,2024-08-18,11.1
9018,47415,11,2023-11-02,12.9
8478,47415,11,2022-05-30,14.2
9010,47415,11,2023-10-26,11.2
9169,47415,11,2024-03-27,11.7
8720,47415,11,2023-01-18,12.9
9149,47415,11,2024-03-07,13.0
8439,47415,11,2022-04-22,10.3
9260,47415,11,2024-06-23,13.8
9341,47415,11,2024-09-09,13.0
8621,47415,11,2022-10-15,12.05
9042,47415,11,2023-11-26,9.25
8805,47415,11,2023-04-10,13.7
9282,47415,11,2024-07-14,14.9
8485,47415,11,2022-06-05,12.6
8688,47415,11,2022-12-19,12.6
8680,47415,11,2022-12-11,13.4
9186,47415,11,2024-04-12,10.15
8960,47415,11,2023-09-07,12.8
8430,47415,11,2022-04-13,13.1
9024,47415,11,2023-11-08,12.65
8700,47415,11,2022-12-31,11.5
8510,47415,11,2022-06-30,10.75
9094,47415,11,2024-01-14,15.2
8476,47415,11,2022-05-28,14.05
8974,47415,11,2023-09-21,10.9
8769,47415,11,2023-03-06,23.6
8899,47415,11,2023-07-10,12.25
8554,47415,11,2022-08-11,13.9
8860,47415,11,2023-06-02,9.6
9222,47415,11,2024-05-17,12.25
8580,47415,11,2022-09-05,13.65
8819,47415,11,2023-04-24,14.55
8818,47415,11,2023-04-23,15.5
8807,47415,11,2023-04-12,13.0
9123,47415,11,2024-02-11,18.65
8976,47415,11,2023-09-23,11.1
9321,47415,11,2024-08-21,11.1
8777,47415,11,2023-03-14,21.95
8629,47415,11,2022-10-23,12.9
8502,47415,11,2022-06-22,10.5
8450,47415,11,2022-05-02,10.65
8971,47415,11,2023-09-18,11.3
9122,47415,11,2024-02-10,19.7
9005,47415,11,2023-10-21,11.9
8481,47415,11,2022-06-01,15.9
8756,47415,11,2023-02-22,15.65
9126,47415,11,2024-02-14,17.9
8933,47415,11,2023-08-12,15.95
8992,47415,11,2023-10-08,13.3
9038,47415,11,2023-11-22,11.5
8856,47415,11,2023-05-30,8.3
9276,47415,11,2024-07-08,14.75
9295,47415,11,2024-07-27,14.3
9039,47415,11,2023-11-23,10.75
8832,47415,11,2023-05-06,11.5
9003,47415,11,2023-10-19,11.6
8938,47415,11,2023-08-17,15.0
8722,47415,11,2023-01-20,12.95
8791,47415,11,2023-03-28,16.35
9271,47415,11,2024-07-03,14.65
8993,47415,11,2023-10-09,12.75
9339,47415,11,2024-09-07,25.8
8799,47415,11,2023-04-04,12.9
8602,47415,11,2022-09-27,15.05
9072,47415,11,2023-12-25,14.65
8552,47415,11,2022-08-09,14.3
9049,47415,11,2023-12-02,9.85
8569,47415,11,2022-08-26,13.75
8852,47415,11,2023-05-26,9.3
8913,47415,11,2023-07-24,14.85
9191,47415,11,2024-04-17,9.65
8533,47415,11,2022-07-22,14.0
9289,47415,11,2024-07-21,14.0
8467,47415,11,2022-05-19,13.1
9121,47415,11,2024-02-09,20.15
8902,47415,11,2023-07-13,13.05
8493,47415,11,2022-06-13,9.65
8479,47415,11,2022-05-31,13.55
8749,47415,11,2023-02-15,15.25
8584,47415,11,2022-09-09,13.95
8664,47415,11,2022-11-26,11.75
8958,47415,11,2023-09-05,12.05
8888,47415,11,2023-06-30,14.3
8596,47415,11,2022-09-21,15.95
8905,47415,11,2023-07-16,13.7
9071,47415,11,2023-12-24,15.65
9021,47415,11,2023-11-05,13.05
8740,47415,11,2023-02-06,15.4
8713,47415,11,2023-01-11,9.85
8947,47415,11,2023-08-26,14.0
8492,47415,11,2022-06-12,11.45
9117,47415,11,2024-02-05,22.2
8886,47415,11,2023-06-28,11.3
8784,47415,11,2023-03-21,20.15
8738,47415,11,2023-02-04,15.05
8425,47415,11,2022-04-08,10.0
9210,47415,11,2024-05-05,13.7
9151,47415,11,2024-03-09,11.75
9226,47415,11,2024-05-21,11.35
8806,47415,11,2023-04-11,12.6
8470,47415,11,2022-05-22,13.0
8497,47415,11,2022-06-17,11.25
8891,47415,11,2023-07-02,13.9
9127,47415,11,2024-02-15,16.55
8785,47415,11,2023-03-22,19.7
8495,47415,11,2022-06-15,11.5
8444,47415,11,2022-04-27,11.25
9045,47415,11,2023-11-29,8.8
9242,47415,11,2024-06-05,12.95
8653,47415,11,2022-11-15,13.1
8870,47415,11,2023-06-12,14.0
8658,47415,11,2022-11-20,12.5
8613,47415,11,2022-10-07,14.45
8760,47415,11,2023-02-26,12.5
9145,47415,11,2024-03-03,14.15
9056,47415,11,2023-12-09,12.9
9234,47415,11,2024-05-29,13.35
9067,47415,11,2023-12-20,12.95
9246,47415,11,2024-06-09,14.0
9330,47415,11,2024-08-30,13.0
8810,47415,11,2023-04-15,14.55
8923,47415,11,2023-08-02,13.9
9035,47415,11,2023-11-19,11.4
9115,47415,11,2024-02-03,21.95
8937,47415,11,2023-08-16,14.85
8969,47415,11,2023-09-16,12.1
8912,47415,11,2023-07-23,15.3
8685,47415,11,2022-12-16,11.9
8504,47415,11,2022-06-24,10.35
9306,47415,11,2024-08-06,13.5
8446,47415,11,2022-04-29,10.75
8962,47415,11,2023-09-09,12.6
9118,47415,11,2024-02-06,21.55
9254,47415,11,2024-06-17,15.3
9154,47415,11,2024-03-12,13.05
8691,47415,11,2022-12-22,11.45
9196,47415,11,2024-04-22,9.25
8963,47415,11,2023-09-10,12.5
9224,47415,11,2024-05-19,12.75
8770,47415,11,2023-03-07,22.5
8524,47415,11,2022-07-13,9.3
9136,47415,11,2024-02-24,17.45
9147,47415,11,2024-03-05,13.7
8757,47415,11,2023-02-23,15.2
9337,47415,11,2024-09-05,11.1
9315,47415,11,2024-08-15,11.5
9044,47415,11,2023-11-28,7.35
8957,47415,11,2023-09-04,12.1
8747,47415,11,2023-02-13,15.1
9101,47415,11,2024-01-21,24.8
8980,47415,11,2023-09-27,10.65
8625,47415,11,2022-10-19,12.6
8779,47415,11,2023-03-16,21.45
8843,47415,11,2023-05-17,9.95
9098,47415,11,2024-01-18,12.9
8703,47415,11,2023-01-01,11.5
8449,47415,11,2022-05-01,11.7
8780,47415,11,2023-03-17,22.2
8833,47415,11,2023-05-07,11.2
8675,47415,11,2022-12-06,11.75
8471,47415,11,2022-05-23,13.0
9166,47415,11,2024-03-24,12.7
9173,47415,11,2024-03-31,11.5
9141,47415,11,2024-02-29,12.9
8418,47415,11,2022-04-01,10.2
8745,47415,11,2023-02-11,14.5
8592,47415,11,2022-09-17,14.65
8663,47415,11,2022-11-25,11.8
9288,47415,11,2024-07-20,14.4
8837,47415,11,2023-05-11,9.9
8718,47415,11,2023-01-16,12.3
8615,47415,11,2022-10-09,13.55
8825,47415,11,2023-04-30,11.75
9009,47415,11,2023-10-25,10.95
8936,47415,11,2023-08-15,14.8
8811,47415,11,2023-04-16,14.1
9209,47415,11,2024-05-04,13.9
9235,47415,11,2024-05-30,13.9
8915,47415,11,2023-07-26,14.4
8719,47415,11,2023-01-17,10.8
8586,47415,11,2022-09-11,13.9
9037,47415,11,2023-11-21,11.5
9043,47415,11,2023-11-27,6.2
9181,47415,11,2024-04-07,10.5
8649,47415,11,2022-11-11,13.5
9160,47415,11,2024-03-18,15.5
8679,47415,11,2022-12-10,13.25
8781,47415,11,2023-03-18,21.55
8776,47415,11,2023-03-13,21.75
9110,47415,11,2024-01-30,21.7
8550,47415,11,2022-08-07,11.3
8563,47415,11,2022-08-20,12.95
9239,47415,11,2024-06-02,12.75
9167,47415,11,2024-03-25,11.75
8845,47415,11,2023-05-19,10.7
9272,47415,11,2024-07-04,15.1
9199,47415,11,2024-04-25,8.6
8487,47415,11,2022-06-07,11.65
8759,47415,11,2023-02-25,12.95
8477,47415,11,2022-05-29,13.9
9177,47415,11,2024-04-03,11.2
8695,47415,11,2022-12-26,11.65
9108,47415,11,2024-01-28,20.95
8693,47415,11,2022-12-24,12.25
8489,47415,11,2022-06-09,11.75
9032,47415,11,2023-11-16,11.65
8710,47415,11,2023-01-08,8.8
8433,47415,11,2022-04-16,12.8
9051,47415,11,2023-12-04,10.4
8459,47415,11,2022-05-11,16.6
9131,47415,11,2024-02-19,17.45
9076,47415,11,2023-12-29,15.2
8844,47415,11,2023-05-18,10.15
9132,47415,11,2024-02-20,16.55
8879,47415,11,2023-06-21,13.0
9343,47415,11,2024-09-11,12.1
8753,47415,11,2023-02-19,16.35
9215,47415,11,2024-05-10,14.0
8946,47415,11,2023-08-25,14.4
9195,47415,11,2024-04-21,9.25
8906,47415,11,2023-07-17,13.75
8618,47415,11,2022-10-12,13.4
9305,47415,11,2024-08-05,12.5
8549,47415,11,2022-08-06,13.1
8661,47415,11,2022-11-23,12.3
9278,47415,11,2024-07-10,14.8
8447,47415,11,2022-04-30,11.35
8732,47415,11,2023-01-30,12.4
8723,47415,11,2023-01-21,12.9
8874,47415,11,2023-06-16,12.9
8990,47415,11,2023-10-06,13.1
8772,47415,11,2023-03-09,20.95
8939,47415,11,2023-08-18,15.05
8875,47415,11,2023-06-17,12.55
9137,47415,11,2024-02-25,16.6
9116,47415,11,2024-02-04,21.45
8526,47415,11,2022-07-15,12.5
8636,47415,11,2022-10-30,11.5
9267,47415,11,2024-06-30,13.8
8841,47415,11,2023-05-15,10.35
8835,47415,11,2023-05-09,11.2
8798,47415,11,2023-04-03,14.15
8451,47415,11,2022-05-03,11.45
8589,47415,11,2022-09-14,13.8
8755,47415,11,2023-02-21,15.8
8699,47415,11,2022-12-30,11.4
8949,47415,11,2023-08-28,14.45
8751,47415,11,2023-02-17,15.35
9258,47415,11,2024-06-21,13.65
9102,47415,11,2024-01-22,24.8
9029,47415,11,2023-11-13,11.5
8648,47415,11,2022-11-10,11.6
8802,47415,11,2023-04-07,13.2
8694,47415,11,2022-12-25,11.3
8681,47415,11,2022-12-12,12.9
8595,47415,11,2022-09-20,15.65
8553,47415,11,2022-08-10,14.2
8775,47415,11,2023-03-12,21.75
8462,47415,11,2022-05-14,12.9
8836,47415,11,2023-05-10,10.05
9059,47415,11,2023-12-12,12.9
8591,47415,11,2022-09-16,15.25
9034,47415,11,2023-11-18,11.5
8498,47415,11,2022-06-18,11.2
9293,47415,11,2024-07-25,13.55
9165,47415,11,2024-03-23,11.65
9263,47415,11,2024-06-26,14.0
8712,47415,11,2023-01-10,9.4
9055,47415,11,2023-12-08,10.8
8503,47415,11,2022-06-23,10.45
9279,47415,11,2024-07-11,14.85
9041,47415,11,2023-11-25,9.75
9344,47415,11,2024-09-12,11.95
8861,47415,11,2023-06-03,9.3
8917,47415,11,2023-07-28,13.9
8850,47415,11,2023-05-24,9.75
9325,47415,11,2024-08-25,11.55
9158,47415,11,2024-03-16,13.55
8748,47415,11,2023-02-14,15.05
8690,47415,11,2022-12-21,13.2
9144,47415,11,2024-03-02,13.2
9176,47415,11,2024-04-02,11.25
8954,47415,11,2023-09-01,14.3
8548,47415,11,2022-08-05,11.35
8904,47415,11,2023-07-15,14.0
9240,47415,11,2024-06-03,12.35
8593,47415,11,2022-09-18,15.1
8523,47415,11,2022-07-12,9.6
9048,47415,11,2023-12-01,9.4
8842,47415,11,2023-05-16,10.0
8601,47415,11,2022-09-26,15.0
8609,47415,11,2022-10-03,11.0
8940,47415,11,2023-08-19,14.9
8986,47415,11,2023-10-02,13.5
8603,47415,11,2022-09-28,14.9
9086,47415,11,2024-01-06,15.25
9201,47415,11,2024-04-27,9.6
8816,47415,11,2023-04-21,13.55
