id_waktu,id_lokasi,id_unit_peternakan,date,jumlah_produksi
8418,47415,11,2022-04-01,10.2
8419,47415,11,2022-04-02,10.35
8420,47415,11,2022-04-03,10.7
8421,47415,11,2022-04-04,11.9
8422,47415,11,2022-04-05,12.0
8423,47415,11,2022-04-06,10.8
8424,47415,11,2022-04-07,10.55
8425,47415,11,2022-04-08,10.0
8426,47415,11,2022-04-09,9.7
8427,47415,11,2022-04-10,9.75
8428,47415,11,2022-04-11,9.5
8429,47415,11,2022-04-12,9.4
8430,47415,11,2022-04-13,13.1
8431,47415,11,2022-04-14,14.3
8432,47415,11,2022-04-15,13.7
8433,47415,11,2022-04-16,12.8
8434,47415,11,2022-04-17,12.4
8435,47415,11,2022-04-18,12.2
8436,47415,11,2022-04-19,12.3
8437,47415,11,2022-04-20,11.25
8438,47415,11,2022-04-21,10.9
8439,47415,11,2022-04-22,10.3
8440,47415,11,2022-04-23,9.25
8441,47415,11,2022-04-24,9.0
8442,47415,11,2022-04-25,10.35
8443,47415,11,2022-04-26,11.05
8444,47415,11,2022-04-27,11.25
8445,47415,11,2022-04-28,11.3
8446,47415,11,2022-04-29,10.75
8447,47415,11,2022-04-30,11.35
8449,47415,11,2022-05-01,11.7
8450,47415,11,2022-05-02,10.65
8451,47415,11,2022-05-03,11.45
8452,47415,11,2022-05-04,11.2
8453,47415,11,2022-05-05,12.4
8454,47415,11,2022-05-06,12.5
8455,47415,11,2022-05-07,12.7
8456,47415,11,2022-05-08,13.35
8457,47415,11,2022-05-09,13.65
8458,47415,11,2022-05-10,13.85
8459,47415,11,2022-05-11,16.6
8460,47415,11,2022-05-12,15.35
8461,47415,11,2022-05-13,14.15
8462,47415,11,2022-05-14,12.9
8463,47415,11,2022-05-15,12.9
8464,47415,11,2022-05-16,12.15
8465,47415,11,2022-05-17,13.2
8466,47415,11,2022-05-18,14.15
8467,47415,11,2022-05-19,13.1
8468,47415,11,2022-05-20,13.7
8469,47415,11,2022-05-21,12.6
8470,47415,11,2022-05-22,13.0
8471,47415,11,2022-05-23,13.0
8472,47415,11,2022-05-24,11.75
8473,47415,11,2022-05-25,14.55
8474,47415,11,2022-05-26,14.1
8475,47415,11,2022-05-27,13.05
8476,47415,11,2022-05-28,14.05
8477,47415,11,2022-05-29,13.9
8478,47415,11,2022-05-30,14.2
8479,47415,11,2022-05-31,13.55
8481,47415,11,2022-06-01,15.9
8482,47415,11,2022-06-02,15.5
8483,47415,11,2022-06-03,14.55
8484,47415,11,2022-06-04,12.6
8485,47415,11,2022-06-05,12.6
8486,47415,11,2022-06-06,12.3
8487,47415,11,2022-06-07,11.65
8488,47415,11,2022-06-08,12.7
8489,47415,11,2022-06-09,11.75
8490,47415,11,2022-06-10,11.8
8491,47415,11,2022-06-11,11.7
8492,47415,11,2022-06-12,11.45
8493,47415,11,2022-06-13,9.65
8494,47415,11,2022-06-14,8.75
8495,47415,11,2022-06-15,11.5
8496,47415,11,2022-06-16,11.2
8497,47415,11,2022-06-17,11.25
8498,47415,11,2022-06-18,11.2
8499,47415,11,2022-06-19,10.05
8500,47415,11,2022-06-20,9.9
8501,47415,11,2022-06-21,10.0
8502,47415,11,2022-06-22,10.5
8503,47415,11,2022-06-23,10.45
8504,47415,11,2022-06-24,10.35
8505,47415,11,2022-06-25,10.0
8506,47415,11,2022-06-26,9.95
8507,47415,11,2022-06-27,10.15
8508,47415,11,2022-06-28,10.7
8509,47415,11,2022-06-29,10.65
8510,47415,11,2022-06-30,10.75
8512,47415,11,2022-07-01,9.7
8513,47415,11,2022-07-02,9.65
8514,47415,11,2022-07-03,9.75
8515,47415,11,2022-07-04,10.0
8516,47415,11,2022-07-05,9.3
8517,47415,11,2022-07-06,9.25
8518,47415,11,2022-07-07,9.25
8519,47415,11,2022-07-08,8.1
8520,47415,11,2022-07-09,8.3
8521,47415,11,2022-07-10,8.6
8522,47415,11,2022-07-11,8.95
8523,47415,11,2022-07-12,9.6
8524,47415,11,2022-07-13,9.3
8525,47415,11,2022-07-14,9.6
8526,47415,11,2022-07-15,12.5
8527,47415,11,2022-07-16,12.65
8528,47415,11,2022-07-17,12.9
8529,47415,11,2022-07-18,13.45
8530,47415,11,2022-07-19,13.9
8531,47415,11,2022-07-20,13.7
8532,47415,11,2022-07-21,13.9
8533,47415,11,2022-07-22,14.0
8534,47415,11,2022-07-23,14.05
8535,47415,11,2022-07-24,14.0
8536,47415,11,2022-07-25,14.0
8537,47415,11,2022-07-26,12.9
8538,47415,11,2022-07-27,12.55
8539,47415,11,2022-07-28,12.0
8540,47415,11,2022-07-29,11.5
8541,47415,11,2022-07-30,11.0
8542,47415,11,2022-07-31,11.6
8544,47415,11,2022-08-01,12.25
8545,47415,11,2022-08-02,12.75
8546,47415,11,2022-08-03,12.75
8547,47415,11,2022-08-04,12.75
8548,47415,11,2022-08-05,11.35
8549,47415,11,2022-08-06,13.1
8550,47415,11,2022-08-07,11.3
8551,47415,11,2022-08-08,13.35
8552,47415,11,2022-08-09,14.3
8553,47415,11,2022-08-10,14.2
8554,47415,11,2022-08-11,13.9
8555,47415,11,2022-08-12,13.9
8556,47415,11,2022-08-13,13.35
8557,47415,11,2022-08-14,13.9
8558,47415,11,2022-08-15,13.6
8559,47415,11,2022-08-16,12.5
8560,47415,11,2022-08-17,12.75
8561,47415,11,2022-08-18,12.35
8562,47415,11,2022-08-19,12.25
8563,47415,11,2022-08-20,12.95
8564,47415,11,2022-08-21,12.6
8565,47415,11,2022-08-22,13.05
8566,47415,11,2022-08-23,13.0
8567,47415,11,2022-08-24,14.0
8568,47415,11,2022-08-25,13.7
8569,47415,11,2022-08-26,13.75
8570,47415,11,2022-08-27,13.85
8571,47415,11,2022-08-28,13.95
8572,47415,11,2022-08-29,13.85
8573,47415,11,2022-08-30,14.1
8574,47415,11,2022-08-31,14.0
8576,47415,11,2022-09-01,15.3
8577,47415,11,2022-09-02,14.85
8578,47415,11,2022-09-03,14.85
8579,47415,11,2022-09-04,14.4
8580,47415,11,2022-09-05,13.65
8581,47415,11,2022-09-06,13.9
8582,47415,11,2022-09-07,13.8
8583,47415,11,2022-09-08,14.1
8584,47415,11,2022-09-09,13.95
8585,47415,11,2022-09-10,14.0
8586,47415,11,2022-09-11,13.9
8587,47415,11,2022-09-12,14.05
8588,47415,11,2022-09-13,14.1
8589,47415,11,2022-09-14,13.8
8590,47415,11,2022-09-15,15.65
8591,47415,11,2022-09-16,15.25
8592,47415,11,2022-09-17,14.65
8593,47415,11,2022-09-18,15.1
8594,47415,11,2022-09-19,14.75
8595,47415,11,2022-09-20,15.65
8596,47415,11,2022-09-21,15.95
8597,47415,11,2022-09-22,14.75
8598,47415,11,2022-09-23,15.0
8599,47415,11,2022-09-24,14.8
8600,47415,11,2022-09-25,14.85
8601,47415,11,2022-09-26,15.0
8602,47415,11,2022-09-27,15.05
8603,47415,11,2022-09-28,14.9
8604,47415,11,2022-09-29,15.3
8605,47415,11,2022-09-30,15.25
8607,47415,11,2022-10-01,12.3
8608,47415,11,2022-10-02,15.1
8609,47415,11,2022-10-03,11.0
8610,47415,11,2022-10-04,14.4
8611,47415,11,2022-10-05,14.0
8612,47415,11,2022-10-06,14.15
8613,47415,11,2022-10-07,14.45
8614,47415,11,2022-10-08,13.95
8615,47415,11,2022-10-09,13.55
8616,47415,11,2022-10-10,14.25
8617,47415,11,2022-10-11,14.3
8618,47415,11,2022-10-12,13.4
8619,47415,11,2022-10-13,12.0
8620,47415,11,2022-10-14,12.1
8621,47415,11,2022-10-15,12.05
8622,47415,11,2022-10-16,12.75
8623,47415,11,2022-10-17,12.8
8624,47415,11,2022-10-18,12.4
8625,47415,11,2022-10-19,12.6
8626,47415,11,2022-10-20,12.5
8627,47415,11,2022-10-21,13.5
8628,47415,11,2022-10-22,13.05
8629,47415,11,2022-10-23,12.9
8630,47415,11,2022-10-24,13.15
8631,47415,11,2022-10-25,12.9
8632,47415,11,2022-10-26,12.1
8633,47415,11,2022-10-27,11.95
8634,47415,11,2022-10-28,11.3
8635,47415,11,2022-10-29,10.85
8636,47415,11,2022-10-30,11.5
8637,47415,11,2022-10-31,10.9
8639,47415,11,2022-11-01,11.3
8640,47415,11,2022-11-02,11.1
8641,47415,11,2022-11-03,11.5
8642,47415,11,2022-11-04,11.2
8643,47415,11,2022-11-05,11.1
8644,47415,11,2022-11-06,10.65
8645,47415,11,2022-11-07,10.7
8646,47415,11,2022-11-08,11.2
8647,47415,11,2022-11-09,11.55
8648,47415,11,2022-11-10,11.6
8649,47415,11,2022-11-11,13.5
8650,47415,11,2022-11-12,11.75
8651,47415,11,2022-11-13,11.1
8652,47415,11,2022-11-14,13.0
8653,47415,11,2022-11-15,13.1
8654,47415,11,2022-11-16,13.6
8655,47415,11,2022-11-17,13.3
8656,47415,11,2022-11-18,12.75
8657,47415,11,2022-11-19,11.9
8658,47415,11,2022-11-20,12.5
8659,47415,11,2022-11-21,12.65
8660,47415,11,2022-11-22,11.9
8661,47415,11,2022-11-23,12.3
8662,47415,11,2022-11-24,12.05
8663,47415,11,2022-11-25,11.8
8664,47415,11,2022-11-26,11.75
8665,47415,11,2022-11-27,13.75
8666,47415,11,2022-11-28,11.6
8667,47415,11,2022-11-29,12.65
8668,47415,11,2022-11-30,11.9
8670,47415,11,2022-12-01,11.35
8671,47415,11,2022-12-02,10.1
8672,47415,11,2022-12-03,11.15
8673,47415,11,2022-12-04,10.95
8674,47415,11,2022-12-05,11.2
8675,47415,11,2022-12-06,11.75
8676,47415,11,2022-12-07,13.0
8677,47415,11,2022-12-08,13.5
8678,47415,11,2022-12-09,12.9
8679,47415,11,2022-12-10,13.25
8680,47415,11,2022-12-11,13.4
8681,47415,11,2022-12-12,12.9
8682,47415,11,2022-12-13,13.1
8683,47415,11,2022-12-14,12.6
8684,47415,11,2022-12-15,13.05
8685,47415,11,2022-12-16,11.9
8686,47415,11,2022-12-17,13.15
8687,47415,11,2022-12-18,12.65
8688,47415,11,2022-12-19,12.6
8689,47415,11,2022-12-20,13.2
8690,47415,11,2022-12-21,13.2
8691,47415,11,2022-12-22,11.45
8692,47415,11,2022-12-23,11.5
8693,47415,11,2022-12-24,12.25
8694,47415,11,2022-12-25,11.3
8695,47415,11,2022-12-26,11.65
8696,47415,11,2022-12-27,11.45
8697,47415,11,2022-12-28,11.5
8698,47415,11,2022-12-29,11.4
8699,47415,11,2022-12-30,11.4
8700,47415,11,2022-12-31,11.5
8703,47415,11,2023-01-01,11.5
8704,47415,11,2023-01-02,10.75
8705,47415,11,2023-01-03,9.3
8706,47415,11,2023-01-04,9.75
8707,47415,11,2023-01-05,9.25
8708,47415,11,2023-01-06,6.2
8709,47415,11,2023-01-07,7.35
8710,47415,11,2023-01-08,8.8
8711,47415,11,2023-01-09,6.25
8712,47415,11,2023-01-10,9.4
8713,47415,11,2023-01-11,9.85
8714,47415,11,2023-01-12,9.65
8715,47415,11,2023-01-13,10.4
8716,47415,11,2023-01-14,9.7
8717,47415,11,2023-01-15,11.4
8718,47415,11,2023-01-16,12.3
8719,47415,11,2023-01-17,10.8
8720,47415,11,2023-01-18,12.9
8721,47415,11,2023-01-19,13.15
8722,47415,11,2023-01-20,12.95
8723,47415,11,2023-01-21,12.9
8724,47415,11,2023-01-22,12.55
8725,47415,11,2023-01-23,13.65
8726,47415,11,2023-01-24,13.25
8727,47415,11,2023-01-25,11.7
8728,47415,11,2023-01-26,12.3
8729,47415,11,2023-01-27,11.6
8730,47415,11,2023-01-28,11.15
8731,47415,11,2023-01-29,12.95
8732,47415,11,2023-01-30,12.4
8733,47415,11,2023-01-31,12.35
8735,47415,11,2023-02-01,12.35
8736,47415,11,2023-02-02,15.65
8737,47415,11,2023-02-03,14.65
8738,47415,11,2023-02-04,15.05
8739,47415,11,2023-02-05,15.25
8740,47415,11,2023-02-06,15.4
8741,47415,11,2023-02-07,15.2
8742,47415,11,2023-02-08,15.15
8743,47415,11,2023-02-09,14.95
8744,47415,11,2023-02-10,15.2
8745,47415,11,2023-02-11,14.5
8746,47415,11,2023-02-12,14.55
8747,47415,11,2023-02-13,15.1
8748,47415,11,2023-02-14,15.05
8749,47415,11,2023-02-15,15.25
8750,47415,11,2023-02-16,15.3
8751,47415,11,2023-02-17,15.35
8752,47415,11,2023-02-18,15.25
8753,47415,11,2023-02-19,16.35
8754,47415,11,2023-02-20,16.7
8755,47415,11,2023-02-21,15.8
8756,47415,11,2023-02-22,15.65
8757,47415,11,2023-02-23,15.2
8758,47415,11,2023-02-24,14.9
8759,47415,11,2023-02-25,12.95
8760,47415,11,2023-02-26,12.5
8761,47415,11,2023-02-27,12.9
8762,47415,11,2023-02-28,13.3
8764,47415,11,2023-03-01,24.8
8765,47415,11,2023-03-02,24.8
8766,47415,11,2023-03-03,24.8
8767,47415,11,2023-03-04,24.9
8768,47415,11,2023-03-05,24.75
8769,47415,11,2023-03-06,23.6
8770,47415,11,2023-03-07,22.5
8771,47415,11,2023-03-08,21.35
8772,47415,11,2023-03-09,20.95
8773,47415,11,2023-03-10,21.45
8774,47415,11,2023-03-11,21.7
8775,47415,11,2023-03-12,21.75
8776,47415,11,2023-03-13,21.75
8777,47415,11,2023-03-14,21.95
8778,47415,11,2023-03-15,21.95
8779,47415,11,2023-03-16,21.45
8780,47415,11,2023-03-17,22.2
8781,47415,11,2023-03-18,21.55
8782,47415,11,2023-03-19,20.85
8783,47415,11,2023-03-20,21.15
8784,47415,11,2023-03-21,20.15
8785,47415,11,2023-03-22,19.7
8786,47415,11,2023-03-23,18.65
8787,47415,11,2023-03-24,18.2
8788,47415,11,2023-03-25,17.9
8789,47415,11,2023-03-26,17.9
8790,47415,11,2023-03-27,16.55
8791,47415,11,2023-03-28,16.35
8792,47415,11,2023-03-29,17.65
8793,47415,11,2023-03-30,17.55
8794,47415,11,2023-03-31,17.45
8796,47415,11,2023-04-01,16.6
8797,47415,11,2023-04-02,15.35
8798,47415,11,2023-04-03,14.15
8799,47415,11,2023-04-04,12.9
8800,47415,11,2023-04-05,12.9
8801,47415,11,2023-04-06,12.15
8802,47415,11,2023-04-07,13.2
8803,47415,11,2023-04-08,14.15
8804,47415,11,2023-04-09,13.1
8805,47415,11,2023-04-10,13.7
8806,47415,11,2023-04-11,12.6
8807,47415,11,2023-04-12,13.0
8808,47415,11,2023-04-13,13.0
8809,47415,11,2023-04-14,11.75
8810,47415,11,2023-04-15,14.55
8811,47415,11,2023-04-16,14.1
8812,47415,11,2023-04-17,13.05
8813,47415,11,2023-04-18,14.05
8814,47415,11,2023-04-19,13.9
8815,47415,11,2023-04-20,14.2
8816,47415,11,2023-04-21,13.55
8817,47415,11,2023-04-22,15.9
8818,47415,11,2023-04-23,15.5
8819,47415,11,2023-04-24,14.55
8820,47415,11,2023-04-25,12.6
8821,47415,11,2023-04-26,12.6
8822,47415,11,2023-04-27,12.3
8823,47415,11,2023-04-28,11.65
8824,47415,11,2023-04-29,12.7
8825,47415,11,2023-04-30,11.75
8827,47415,11,2023-05-01,11.8
8828,47415,11,2023-05-02,11.7
8829,47415,11,2023-05-03,11.45
8830,47415,11,2023-05-04,9.65
8831,47415,11,2023-05-05,8.75
8832,47415,11,2023-05-06,11.5
8833,47415,11,2023-05-07,11.2
8834,47415,11,2023-05-08,11.25
8835,47415,11,2023-05-09,11.2
8836,47415,11,2023-05-10,10.05
8837,47415,11,2023-05-11,9.9
8838,47415,11,2023-05-12,10.0
8839,47415,11,2023-05-13,10.5
8840,47415,11,2023-05-14,10.45
8841,47415,11,2023-05-15,10.35
8842,47415,11,2023-05-16,10.0
8843,47415,11,2023-05-17,9.95
8844,47415,11,2023-05-18,10.15
8845,47415,11,2023-05-19,10.7
8846,47415,11,2023-05-20,10.65
8847,47415,11,2023-05-21,10.75
8848,47415,11,2023-05-22,9.7
8849,47415,11,2023-05-23,9.65
8850,47415,11,2023-05-24,9.75
8851,47415,11,2023-05-25,10.0
8852,47415,11,2023-05-26,9.3
8853,47415,11,2023-05-27,9.25
8854,47415,11,2023-05-28,9.25
8855,47415,11,2023-05-29,8.1
8856,47415,11,2023-05-30,8.3
8857,47415,11,2023-05-31,8.6
8859,47415,11,2023-06-01,8.95
8860,47415,11,2023-06-02,9.6
8861,47415,11,2023-06-03,9.3
8862,47415,11,2023-06-04,9.6
8863,47415,11,2023-06-05,12.5
8864,47415,11,2023-06-06,12.65
8865,47415,11,2023-06-07,12.9
8866,47415,11,2023-06-08,13.45
8867,47415,11,2023-06-09,13.9
8868,47415,11,2023-06-10,13.7
8869,47415,11,2023-06-11,13.9
8870,47415,11,2023-06-12,14.0
8871,47415,11,2023-06-13,14.05
8872,47415,11,2023-06-14,14.0
8873,47415,11,2023-06-15,14.0
8874,47415,11,2023-06-16,12.9
8875,47415,11,2023-06-17,12.55
8876,47415,11,2023-06-18,12.0
8877,47415,11,2023-06-19,11.5
8878,47415,11,2023-06-20,12.0
8879,47415,11,2023-06-21,13.0
8880,47415,11,2023-06-22,12.25
8881,47415,11,2023-06-23,12.75
8882,47415,11,2023-06-24,12.75
8883,47415,11,2023-06-25,12.75
8884,47415,11,2023-06-26,11.35
8885,47415,11,2023-06-27,13.1
8886,47415,11,2023-06-28,11.3
8887,47415,11,2023-06-29,13.35
8888,47415,11,2023-06-30,14.3
8890,47415,11,2023-07-01,14.2
8891,47415,11,2023-07-02,13.9
8892,47415,11,2023-07-03,13.9
8893,47415,11,2023-07-04,13.35
8894,47415,11,2023-07-05,13.9
8895,47415,11,2023-07-06,13.6
8896,47415,11,2023-07-07,12.5
8897,47415,11,2023-07-08,12.75
8898,47415,11,2023-07-09,12.35
8899,47415,11,2023-07-10,12.25
8900,47415,11,2023-07-11,12.95
8901,47415,11,2023-07-12,12.6
8902,47415,11,2023-07-13,13.05
8903,47415,11,2023-07-14,13.0
8904,47415,11,2023-07-15,14.0
8905,47415,11,2023-07-16,13.7
8906,47415,11,2023-07-17,13.75
8907,47415,11,2023-07-18,13.85
8908,47415,11,2023-07-19,13.95
8909,47415,11,2023-07-20,13.85
8910,47415,11,2023-07-21,14.1
8911,47415,11,2023-07-22,14.0
8912,47415,11,2023-07-23,15.3
8913,47415,11,2023-07-24,14.85
8914,47415,11,2023-07-25,14.85
8915,47415,11,2023-07-26,14.4
8916,47415,11,2023-07-27,13.65
8917,47415,11,2023-07-28,13.9
8918,47415,11,2023-07-29,13.8
8919,47415,11,2023-07-30,14.1
8920,47415,11,2023-07-31,13.95
8922,47415,11,2023-08-01,14.0
8923,47415,11,2023-08-02,13.9
8924,47415,11,2023-08-03,14.05
8925,47415,11,2023-08-04,14.1
8926,47415,11,2023-08-05,13.8
8927,47415,11,2023-08-06,15.65
8928,47415,11,2023-08-07,15.25
8929,47415,11,2023-08-08,14.65
8930,47415,11,2023-08-09,15.1
8931,47415,11,2023-08-10,14.75
8932,47415,11,2023-08-11,15.65
8933,47415,11,2023-08-12,15.95
8934,47415,11,2023-08-13,14.75
8935,47415,11,2023-08-14,15.0
8936,47415,11,2023-08-15,14.8
8937,47415,11,2023-08-16,14.85
8938,47415,11,2023-08-17,15.0
8939,47415,11,2023-08-18,15.05
8940,47415,11,2023-08-19,14.9
8941,47415,11,2023-08-20,15.3
8942,47415,11,2023-08-21,15.25
8943,47415,11,2023-08-22,12.3
8944,47415,11,2023-08-23,15.1
8945,47415,11,2023-08-24,9.0
8946,47415,11,2023-08-25,14.4
8947,47415,11,2023-08-26,14.0
8948,47415,11,2023-08-27,14.15
8949,47415,11,2023-08-28,14.45
8950,47415,11,2023-08-29,13.95
8951,47415,11,2023-08-30,13.55
8952,47415,11,2023-08-31,14.25
8954,47415,11,2023-09-01,14.3
8955,47415,11,2023-09-02,13.4
8956,47415,11,2023-09-03,12.0
8957,47415,11,2023-09-04,12.1
8958,47415,11,2023-09-05,12.05
8959,47415,11,2023-09-06,12.75
8960,47415,11,2023-09-07,12.8
8961,47415,11,2023-09-08,12.4
8962,47415,11,2023-09-09,12.6
8963,47415,11,2023-09-10,12.5
8964,47415,11,2023-09-11,13.5
8965,47415,11,2023-09-12,13.05
8966,47415,11,2023-09-13,12.9
8967,47415,11,2023-09-14,13.15
8968,47415,11,2023-09-15,12.9
8969,47415,11,2023-09-16,12.1
8970,47415,11,2023-09-17,11.95
8971,47415,11,2023-09-18,11.3
8972,47415,11,2023-09-19,10.85
8973,47415,11,2023-09-20,11.5
8974,47415,11,2023-09-21,10.9
8975,47415,11,2023-09-22,11.3
8976,47415,11,2023-09-23,11.1
8977,47415,11,2023-09-24,10.166666666666666
8978,47415,11,2023-09-25,11.2
8979,47415,11,2023-09-26,11.1
8980,47415,11,2023-09-27,10.65
8981,47415,11,2023-09-28,10.7
8982,47415,11,2023-09-29,11.2
8983,47415,11,2023-09-30,11.55
8985,47415,11,2023-10-01,11.6
8986,47415,11,2023-10-02,13.5
8987,47415,11,2023-10-03,11.75
8988,47415,11,2023-10-04,11.1
8989,47415,11,2023-10-05,13.0
8990,47415,11,2023-10-06,13.1
8991,47415,11,2023-10-07,13.6
8992,47415,11,2023-10-08,13.3
8993,47415,11,2023-10-09,12.75
8994,47415,11,2023-10-10,11.9
8995,47415,11,2023-10-11,12.5
8996,47415,11,2023-10-12,12.65
8997,47415,11,2023-10-13,11.9
8998,47415,11,2023-10-14,12.3
8999,47415,11,2023-10-15,12.05
9000,47415,11,2023-10-16,11.8
9001,47415,11,2023-10-17,11.75
9002,47415,11,2023-10-18,13.75
9003,47415,11,2023-10-19,11.6
9004,47415,11,2023-10-20,12.65
9005,47415,11,2023-10-21,11.9
9006,47415,11,2023-10-22,11.35
9007,47415,11,2023-10-23,10.1
9008,47415,11,2023-10-24,9.216666666666667
9009,47415,11,2023-10-25,10.95
9010,47415,11,2023-10-26,11.2
9011,47415,11,2023-10-27,11.75
9012,47415,11,2023-10-28,13.0
9013,47415,11,2023-10-29,13.5
9014,47415,11,2023-10-30,12.9
9015,47415,11,2023-10-31,13.25
9017,47415,11,2023-11-01,13.4
9018,47415,11,2023-11-02,12.9
9019,47415,11,2023-11-03,13.1
9020,47415,11,2023-11-04,12.6
9021,47415,11,2023-11-05,13.05
9022,47415,11,2023-11-06,11.9
9023,47415,11,2023-11-07,13.15
9024,47415,11,2023-11-08,12.65
9025,47415,11,2023-11-09,12.6
9026,47415,11,2023-11-10,13.2
9027,47415,11,2023-11-11,13.2
9028,47415,11,2023-11-12,11.45
9029,47415,11,2023-11-13,11.5
9030,47415,11,2023-11-14,12.25
9031,47415,11,2023-11-15,11.3
9032,47415,11,2023-11-16,11.65
9033,47415,11,2023-11-17,11.45
9034,47415,11,2023-11-18,11.5
9035,47415,11,2023-11-19,11.4
9036,47415,11,2023-11-20,11.4
9037,47415,11,2023-11-21,11.5
9038,47415,11,2023-11-22,11.5
9039,47415,11,2023-11-23,8.916666666666666
9040,47415,11,2023-11-24,9.3
9041,47415,11,2023-11-25,9.75
9042,47415,11,2023-11-26,9.25
9043,47415,11,2023-11-27,6.2
9044,47415,11,2023-11-28,7.35
9045,47415,11,2023-11-29,8.8
9046,47415,11,2023-11-30,6.25
9048,47415,11,2023-12-01,9.4
9049,47415,11,2023-12-02,9.85
9050,47415,11,2023-12-03,9.65
9051,47415,11,2023-12-04,10.4
9052,47415,11,2023-12-05,9.7
9053,47415,11,2023-12-06,11.4
9054,47415,11,2023-12-07,12.3
9055,47415,11,2023-12-08,10.8
9056,47415,11,2023-12-09,12.9
9057,47415,11,2023-12-10,13.15
9058,47415,11,2023-12-11,12.95
9059,47415,11,2023-12-12,12.9
9060,47415,11,2023-12-13,12.55
9061,47415,11,2023-12-14,13.65
9062,47415,11,2023-12-15,13.25
9063,47415,11,2023-12-16,11.7
9064,47415,11,2023-12-17,12.3
9065,47415,11,2023-12-18,11.6
9066,47415,11,2023-12-19,11.15
9067,47415,11,2023-12-20,12.95
9068,47415,11,2023-12-21,12.4
9069,47415,11,2023-12-22,12.35
9070,47415,11,2023-12-23,12.35
9071,47415,11,2023-12-24,15.65
9072,47415,11,2023-12-25,14.65
9073,47415,11,2023-12-26,15.05
9074,47415,11,2023-12-27,15.25
9075,47415,11,2023-12-28,11.466666666666667
9076,47415,11,2023-12-29,15.2
9077,47415,11,2023-12-30,15.15
9078,47415,11,2023-12-31,14.95
9081,47415,11,2024-01-01,15.2
9082,47415,11,2024-01-02,14.5
9083,47415,11,2024-01-03,14.55
9084,47415,11,2024-01-04,15.1
9085,47415,11,2024-01-05,15.05
9086,47415,11,2024-01-06,15.25
9087,47415,11,2024-01-07,15.3
9088,47415,11,2024-01-08,15.35
9089,47415,11,2024-01-09,15.25
9090,47415,11,2024-01-10,16.35
9091,47415,11,2024-01-11,16.7
9092,47415,11,2024-01-12,15.8
9093,47415,11,2024-01-13,15.65
9094,47415,11,2024-01-14,15.2
9095,47415,11,2024-01-15,14.9
9096,47415,11,2024-01-16,12.95
9097,47415,11,2024-01-17,12.5
9098,47415,11,2024-01-18,12.9
9099,47415,11,2024-01-19,13.3
9100,47415,11,2024-01-20,24.8
9101,47415,11,2024-01-21,24.8
9102,47415,11,2024-01-22,24.8
9103,47415,11,2024-01-23,24.9
9104,47415,11,2024-01-24,13.583333333333334
9105,47415,11,2024-01-25,23.6
9106,47415,11,2024-01-26,22.5
9107,47415,11,2024-01-27,21.35
9108,47415,11,2024-01-28,20.95
9109,47415,11,2024-01-29,21.45
9110,47415,11,2024-01-30,21.7
9111,47415,11,2024-01-31,21.75
9113,47415,11,2024-02-01,21.75
9114,47415,11,2024-02-02,21.95
9115,47415,11,2024-02-03,21.95
9116,47415,11,2024-02-04,21.45
9117,47415,11,2024-02-05,22.2
9118,47415,11,2024-02-06,21.55
9119,47415,11,2024-02-07,20.85
9120,47415,11,2024-02-08,21.15
9121,47415,11,2024-02-09,20.15
9122,47415,11,2024-02-10,19.7
9123,47415,11,2024-02-11,18.65
9124,47415,11,2024-02-12,18.2
9125,47415,11,2024-02-13,17.9
9126,47415,11,2024-02-14,17.9
9127,47415,11,2024-02-15,16.55
9128,47415,11,2024-02-16,16.35
9129,47415,11,2024-02-17,17.65
9130,47415,11,2024-02-18,17.55
9131,47415,11,2024-02-19,17.45
9132,47415,11,2024-02-20,16.55
9133,47415,11,2024-02-21,16.35
9134,47415,11,2024-02-22,17.65
9135,47415,11,2024-02-23,17.55
9136,47415,11,2024-02-24,12.15
9137,47415,11,2024-02-25,16.6
9138,47415,11,2024-02-26,15.35
9139,47415,11,2024-02-27,14.15
9140,47415,11,2024-02-28,12.9
9141,47415,11,2024-02-29,12.9
9143,47415,11,2024-03-01,12.15
9144,47415,11,2024-03-02,13.2
9145,47415,11,2024-03-03,14.15
9146,47415,11,2024-03-04,13.1
9147,47415,11,2024-03-05,13.7
9148,47415,11,2024-03-06,12.6
9149,47415,11,2024-03-07,13.0
9150,47415,11,2024-03-08,13.0
9151,47415,11,2024-03-09,11.75
9152,47415,11,2024-03-10,14.55
9153,47415,11,2024-03-11,14.1
9154,47415,11,2024-03-12,13.05
9155,47415,11,2024-03-13,14.05
9156,47415,11,2024-03-14,13.9
9157,47415,11,2024-03-15,14.2
9158,47415,11,2024-03-16,13.55
9159,47415,11,2024-03-17,15.9
9160,47415,11,2024-03-18,15.5
9161,47415,11,2024-03-19,14.55
9162,47415,11,2024-03-20,12.6
9163,47415,11,2024-03-21,12.6
9164,47415,11,2024-03-22,12.3
9165,47415,11,2024-03-23,11.65
9166,47415,11,2024-03-24,9.733333333333333
9167,47415,11,2024-03-25,11.75
9168,47415,11,2024-03-26,11.8
9169,47415,11,2024-03-27,11.7
9170,47415,11,2024-03-28,11.45
9171,47415,11,2024-03-29,9.65
9172,47415,11,2024-03-30,8.75
9173,47415,11,2024-03-31,11.5
9175,47415,11,2024-04-01,11.2
9176,47415,11,2024-04-02,11.25
9177,47415,11,2024-04-03,11.2
9178,47415,11,2024-04-04,10.05
9179,47415,11,2024-04-05,9.9
9180,47415,11,2024-04-06,10.0
9181,47415,11,2024-04-07,10.5
9182,47415,11,2024-04-08,10.45
9183,47415,11,2024-04-09,10.35
9184,47415,11,2024-04-10,10.0
9185,47415,11,2024-04-11,9.95
9186,47415,11,2024-04-12,10.15
9187,47415,11,2024-04-13,10.7
9188,47415,11,2024-04-14,10.65
9189,47415,11,2024-04-15,10.75
9190,47415,11,2024-04-16,9.7
9191,47415,11,2024-04-17,9.65
9192,47415,11,2024-04-18,9.75
9193,47415,11,2024-04-19,10.0
9194,47415,11,2024-04-20,9.3
9195,47415,11,2024-04-21,9.25
9196,47415,11,2024-04-22,9.25
9197,47415,11,2024-04-23,8.1
9198,47415,11,2024-04-24,8.433333333333334
9199,47415,11,2024-04-25,8.6
9200,47415,11,2024-04-26,8.95
9201,47415,11,2024-04-27,9.6
9202,47415,11,2024-04-28,9.3
9203,47415,11,2024-04-29,9.6
9204,47415,11,2024-04-30,12.5
9206,47415,11,2024-05-01,12.65
9207,47415,11,2024-05-02,12.9
9208,47415,11,2024-05-03,13.45
9209,47415,11,2024-05-04,13.9
9210,47415,11,2024-05-05,13.7
9211,47415,11,2024-05-06,13.9
9212,47415,11,2024-05-07,14.0
9213,47415,11,2024-05-08,14.05
9214,47415,11,2024-05-09,14.0
9215,47415,11,2024-05-10,14.0
9216,47415,11,2024-05-11,12.9
9217,47415,11,2024-05-12,12.55
9218,47415,11,2024-05-13,12.0
9219,47415,11,2024-05-14,11.5
9220,47415,11,2024-05-15,11.0
9221,47415,11,2024-05-16,12.0
9222,47415,11,2024-05-17,12.25
9223,47415,11,2024-05-18,12.75
9224,47415,11,2024-05-19,12.75
9225,47415,11,2024-05-20,12.75
9226,47415,11,2024-05-21,11.35
9227,47415,11,2024-05-22,13.1
9228,47415,11,2024-05-23,9.1
9229,47415,11,2024-05-24,13.35
9230,47415,11,2024-05-25,14.3
9231,47415,11,2024-05-26,14.2
9232,47415,11,2024-05-27,13.9
9233,47415,11,2024-05-28,13.9
9234,47415,11,2024-05-29,13.35
9235,47415,11,2024-05-30,13.9
9236,47415,11,2024-05-31,13.6
9238,47415,11,2024-06-01,12.5
9239,47415,11,2024-06-02,12.75
9240,47415,11,2024-06-03,12.35
9241,47415,11,2024-06-04,12.25
9242,47415,11,2024-06-05,12.95
9243,47415,11,2024-06-06,12.6
9244,47415,11,2024-06-07,13.05
9245,47415,11,2024-06-08,13.0
9246,47415,11,2024-06-09,14.0
9247,47415,11,2024-06-10,13.7
9248,47415,11,2024-06-11,13.75
9249,47415,11,2024-06-12,13.85
9250,47415,11,2024-06-13,13.95
9251,47415,11,2024-06-14,13.85
9252,47415,11,2024-06-15,14.1
9253,47415,11,2024-06-16,14.0
9254,47415,11,2024-06-17,15.3
9255,47415,11,2024-06-18,14.85
9256,47415,11,2024-06-19,14.85
9257,47415,11,2024-06-20,14.4
9258,47415,11,2024-06-21,13.65
9259,47415,11,2024-06-22,13.9
9260,47415,11,2024-06-23,13.8
9261,47415,11,2024-06-24,14.1
9262,47415,11,2024-06-25,13.95
9263,47415,11,2024-06-26,10.166666666666666
9264,47415,11,2024-06-27,13.9
9265,47415,11,2024-06-28,14.05
9266,47415,11,2024-06-29,14.1
9267,47415,11,2024-06-30,13.8
9269,47415,11,2024-07-01,15.65
9270,47415,11,2024-07-02,15.25
9271,47415,11,2024-07-03,14.65
9272,47415,11,2024-07-04,15.1
9273,47415,11,2024-07-05,14.75
9274,47415,11,2024-07-06,15.65
9275,47415,11,2024-07-07,15.95
9276,47415,11,2024-07-08,14.75
9277,47415,11,2024-07-09,15.0
9278,47415,11,2024-07-10,14.8
9279,47415,11,2024-07-11,14.85
9280,47415,11,2024-07-12,15.0
9281,47415,11,2024-07-13,15.05
9282,47415,11,2024-07-14,14.9
9283,47415,11,2024-07-15,15.3
9284,47415,11,2024-07-16,15.25
9285,47415,11,2024-07-17,12.3
9286,47415,11,2024-07-18,15.1
9287,47415,11,2024-07-19,11.0
9288,47415,11,2024-07-20,14.4
9289,47415,11,2024-07-21,14.0
9290,47415,11,2024-07-22,14.15
9291,47415,11,2024-07-23,14.45
9292,47415,11,2024-07-24,13.95
9293,47415,11,2024-07-25,13.55
9294,47415,11,2024-07-26,14.25
9295,47415,11,2024-07-27,14.3
9296,47415,11,2024-07-28,10.133333333333333
9297,47415,11,2024-07-29,12.0
9298,47415,11,2024-07-30,12.1
9299,47415,11,2024-07-31,12.05
9301,47415,11,2024-08-01,12.75
9302,47415,11,2024-08-02,12.8
9303,47415,11,2024-08-03,12.4
9304,47415,11,2024-08-04,12.6
9305,47415,11,2024-08-05,12.5
9306,47415,11,2024-08-06,13.5
9307,47415,11,2024-08-07,13.05
9308,47415,11,2024-08-08,12.9
9309,47415,11,2024-08-09,13.15
9310,47415,11,2024-08-10,12.9
9311,47415,11,2024-08-11,12.1
9312,47415,11,2024-08-12,11.95
9313,47415,11,2024-08-13,11.3
9314,47415,11,2024-08-14,10.85
9315,47415,11,2024-08-15,11.5
9316,47415,11,2024-08-16,10.9
9317,47415,11,2024-08-17,11.3
9318,47415,11,2024-08-18,11.1
9319,47415,11,2024-08-19,11.5
9320,47415,11,2024-08-20,11.2
9321,47415,11,2024-08-21,11.1
9322,47415,11,2024-08-22,10.65
9323,47415,11,2024-08-23,10.7
9324,47415,11,2024-08-24,11.2
9325,47415,11,2024-08-25,11.55
9326,47415,11,2024-08-26,11.6
9327,47415,11,2024-08-27,13.5
9328,47415,11,2024-08-28,10.25
9329,47415,11,2024-08-29,11.1
9330,47415,11,2024-08-30,13.0
9331,47415,11,2024-08-31,13.1
9337,47415,11,2024-09-05,11.1
9338,47415,11,2024-09-06,24.5
9339,47415,11,2024-09-07,25.8
9340,47415,11,2024-09-08,12.9
9341,47415,11,2024-09-09,13.0
9342,47415,11,2024-09-10,12.9
9343,47415,11,2024-09-11,12.1
9344,47415,11,2024-09-12,11.95
9345,47415,11,2024-09-13,11.3
9346,47415,11,2024-09-14,10.85
9347,47415,11,2024-09-15,11.5
9348,47415,11,2024-09-16,10.9
9349,47415,11,2024-09-17,11.3
9350,47415,11,2024-09-18,11.1
9351,47415,11,2024-09-19,11.5
9352,47415,11,2024-09-20,11.2
9353,47415,11,2024-09-21,11.1
9354,47415,11,2024-09-22,10.65
9355,47415,11,2024-09-23,10.7
9356,47415,11,2024-09-24,11.2
9358,47415,11,2024-09-26,19.0
9359,47415,11,2024-09-27,19.5
9360,47415,11,2024-09-28,19.0
9361,47415,11,2024-09-29,19.0
9362,47415,11,2024-09-30,19.2
9364,47415,11,2024-10-01,18.0
9365,47415,11,2024-10-02,13.15
9366,47415,11,2024-10-03,12.65
9367,47415,11,2024-10-04,12.6
9368,47415,11,2024-10-05,13.2
9369,47415,11,2024-10-06,13.2
9370,47415,11,2024-10-07,11.45
9371,47415,11,2024-10-08,11.5
9372,47415,11,2024-10-09,12.25
9373,47415,11,2024-10-10,11.3
9374,47415,11,2024-10-11,11.65
9376,47415,11,2024-10-13,11.5
9377,47415,11,2024-10-14,11.4
9378,47415,11,2024-10-15,11.2
9379,47415,11,2024-10-16,11.5
9381,47415,11,2024-10-18,10.75
9382,47415,11,2024-10-19,9.3
9384,47415,11,2024-10-21,9.25
9385,47415,11,2024-10-22,6.2
9386,47415,11,2024-10-23,7.35
9387,47415,11,2024-10-24,8.8
9388,47415,11,2024-10-25,6.25
9389,47415,11,2024-10-26,9.4
9390,47415,11,2024-10-27,9.85
9391,47415,11,2024-10-28,9.65
9392,47415,11,2024-10-29,10.4
9393,47415,11,2024-10-30,9.7
9394,47415,11,2024-10-31,11.4
9396,47415,11,2024-11-01,12.3
9397,47415,11,2024-11-02,10.8
9398,47415,11,2024-11-03,12.9
9399,47415,11,2024-11-04,13.15
9400,47415,11,2024-11-05,12.95
9401,47415,11,2024-11-06,12.9
9402,47415,11,2024-11-07,12.55
9403,47415,11,2024-11-08,13.65
9404,47415,11,2024-11-09,13.25
9405,47415,11,2024-11-10,11.7
